page,error
338,Timeout waiting for ZIP download
373,Timeout waiting for ZIP download
511,Timeout waiting for ZIP download
554,"Unhandled error: Message: 
"
629,Timeout waiting for ZIP download
630,Timeout waiting for ZIP download
877,Document preparation error
931,"Unhandled error: Message: 
"
941,"Unhandled error: Message: 
"
942,Document preparation error
999,Timeout waiting for ZIP download
1206,Document preparation error
1242,Timeout waiting for ZIP download
1243,Timeout waiting for ZIP download
1251,Timeout waiting for ZIP download
1253,Timeout waiting for ZIP download
1257,Document preparation error
1269,Timeout waiting for ZIP download
1270,Timeout waiting for ZIP download
1274,Timeout waiting for ZIP download
1275,Timeout waiting for ZIP download
1276,Timeout waiting for ZIP download
1277,Timeout waiting for ZIP download
1292,Timeout waiting for ZIP download
1297,Timeout waiting for ZIP download
1302,Timeout waiting for ZIP download
1303,Timeout waiting for ZIP download
1305,Timeout waiting for ZIP download
1338,Timeout waiting for ZIP download
1341,Timeout waiting for ZIP download
1349,Timeout waiting for ZIP download
1466,"Unhandled error: Message: 
"
1611,Timeout waiting for ZIP download
1626,"Unhandled error: Message: 
"
1690,Document preparation error
1870,"Unhandled error: Message: 
"
2242,Document preparation error
2330,Document preparation error
2336,"Unhandled error: Message: 
"
2341,Document preparation error
2344,Document preparation error
2397,Document preparation error
2447,"Unhandled error: Message: 
"
2504,Document preparation error
2723,"Unhandled error: Message: 
"
2726,Document preparation error
2757,Document preparation error
2943,Document preparation error
2945,Document preparation error
2961,"Unhandled error: Message: 
"
2962,Document preparation error
2964,Document preparation error
2985,"Unhandled error: Message: 
"
3016,Document preparation error
3029,Document preparation error
3033,Document preparation error
3037,"Unhandled error: Message: 
"
3044,Document preparation error
3058,Document preparation error
3064,Document preparation error
3067,Document preparation error
3080,Document preparation error
3084,Document preparation error
3086,Document preparation error
3120,"Unhandled error: Message: 
"
3151,"Unhandled error: Message: 
"
3160,Document preparation error
3180,Document preparation error
3201,Document preparation error
3211,Document preparation error
3241,Document preparation error
3260,"Unhandled error: Message: 
"
3280,Document preparation error
3307,"Unhandled error: Message: 
"
3308,"Unhandled error: Message: 
"
3345,Document preparation error
3353,Timeout waiting for ZIP download
3357,Document preparation error
3372,Document preparation error
3379,Document preparation error
3403,Document preparation error
3407,"Unhandled error: Message: 
"
3411,Timeout waiting for ZIP download
3419,"Unhandled error: Message: 
"
3441,"Unhandled error: Message: 
"
3462,Document preparation error
3475,Document preparation error
3487,"Unhandled error: Message: 
"
3499,"Unhandled error: Message: 
"
3524,"Unhandled error: Message: 
"
3533,Document preparation error
3550,"Unhandled error: Message: 
"
3562,Document preparation error
3567,Document preparation error
3578,Document preparation error
3590,Document preparation error
3606,"Unhandled error: Message: 
"
3628,Document preparation error
3638,Document preparation error
3641,"Unhandled error: Message: 
"
3649,Document preparation error
3655,Document preparation error
3657,Document preparation error
3669,"Unhandled error: Message: 
"
3672,Document preparation error
3675,"Unhandled error: Message: 
"
3694,"Unhandled error: Message: 
"
3708,Document preparation error
3715,Document preparation error
3732,Document preparation error
3733,Document preparation error
3846,Document preparation error
3900,"Unhandled error: Message: 
"
3921,"Unhandled error: Message: 
"
3960,Document preparation error
4021,Document preparation error
4047,"Unhandled error: Message: 
"
4109,Document preparation error
4114,"Unhandled error: Message: 
"
4128,Document preparation error
4163,Document preparation error
4166,Document preparation error
4178,"Unhandled error: Message: 
"
4184,Document preparation error
4202,"Unhandled error: Message: 
"
4209,"Unhandled error: Message: 
"
4220,Document preparation error
4281,Document preparation error
4284,"Unhandled error: Message: 
"
4295,Document preparation error
4333,Document preparation error
4340,"Unhandled error: Message: 
"
4377,Document preparation error
4385,Document preparation error
4396,"Unhandled error: Message: 
"
4432,Document preparation error
4452,Document preparation error
4455,"Unhandled error: Message: 
"
4457,Document preparation error
4475,Document preparation error
4557,"Unhandled error: Message: 
"
4568,Document preparation error
4645,Document preparation error
4683,"Unhandled error: Message: 
"
4790,"Unhandled error: Message: 
"
4797,"Unhandled error: Message: 
"
4853,"Unhandled error: Message: 
"
4862,"Unhandled error: Message: 
"
5008,"Unhandled error: Message: 
"
5019,"Unhandled error: Message: 
"
5058,Document preparation error
5080,Document preparation error
5137,"Unhandled error: Message: 
"
5140,Document preparation error
5178,"Unhandled error: Message: 
"
5182,"Unhandled error: Message: 
"
5250,"Unhandled error: Message: 
"
5267,"Unhandled error: Message: 
"
5285,Document preparation error
5300,"Unhandled error: Message: 
"
5307,"Unhandled error: Message: 
"
5318,"Unhandled error: Message: 
"
5320,Document preparation error
5346,"Unhandled error: Message: 
"
5350,Document preparation error
5366,Document preparation error
5380,"Unhandled error: Message: 
"
5392,Document preparation error
5435,"Unhandled error: Message: 
"
5452,Document preparation error
5455,"Unhandled error: Message: 
"
5465,"Unhandled error: Message: 
"
5468,"Unhandled error: Message: 
"
5474,Document preparation error
5476,Document preparation error
5497,"Unhandled error: Message: 
"
5498,Document preparation error
5514,Document preparation error
5532,Document preparation error
5546,"Unhandled error: Message: 
"
5651,Document preparation error
5653,Document preparation error
5670,Document preparation error
5672,Document preparation error
5687,Document preparation error
5729,Document preparation error
5731,Document preparation error
5742,Document preparation error
